Mittelwert von Average_step,Spaltenbeschriftungen,,,
Zeilenbeschriftungen,Agent 1,Agent 2,Agent 3,Gesamtergebnis
10,-23.45470643,-22.6191652,-29.56116329,-25.21167831
100,-25.05799086,-25.33399803,-29.68807595,-26.69335495
1000,-25.9915288,-26.15779842,-30.06245663,-27.40392795
10000,-25.67739221,-25.99202858,-29.82154989,-27.16365689
Gesamtergebnis,-25.04540458,-25.02574756,-29.78331144,-26.61815452
